{"train loss": 0.0341399721801281, "_timestamp": 1673278755.2833169, "_runtime": 21.445104837417603, "_step": 174, "test loss": 0.3209215998649597, "accuracy": 0.9200000166893005, "gradients/fc2.bias": {"_type": "histogram", "values": [1.0, 0.0, 0.0, 0.0, 0.0, 0.0, 0.0, 0.0, 0.0, 0.0, 0.0, 0.0, 0.0, 1.0, 0.0, 0.0, 0.0, 0.0, 1.0, 0.0, 1.0, 0.0, 0.0, 0.0, 0.0, 0.0, 0.0, 1.0, 0.0, 1.0, 0.0, 0.0, 0.0, 0.0, 0.0, 0.0, 1.0, 0.0, 0.0, 0.0, 0.0, 0.0, 0.0, 0.0, 0.0, 0.0, 0.0, 0.0, 0.0, 0.0, 0.0, 0.0, 0.0, 0.0, 1.0, 0.0, 0.0, 0.0, 0.0, 1.0, 0.0, 0.0, 0.0, 1.0], "bins": [-0.005122019909322262, -0.004964396823197603, -0.004806773737072945, -0.004649150650948286, -0.0044915275648236275, -0.004333904013037682, -0.004176280926913023, -0.004018657840788364, -0.003861034754663706, -0.0037034116685390472, -0.0035457885824143887, -0.0033881652634590864, -0.003230542177334428, -0.0030729190912097692, -0.002915295772254467, -0.0027576726861298084, -0.00260004960000515, -0.0024424265138804913, -0.0022848034277558327, -0.0021271801088005304, -0.001969557022675872, -0.0018119339365512133, -0.0016543107340112329, -0.0014966875314712524, -0.0013390644453465939, -0.0011814413592219353, -0.0010238181566819549, -0.0008661950123496354, -0.0007085718680173159, -0.0005509487236849964, -0.00039332557935267687, -0.00023570237681269646, -7.807975634932518e-05, 7.954338798299432e-05, 0.00023716653231531382, 0.0003947896766476333, 0.0005524128209799528, 0.0007100359653122723, 0.0008676591096445918, 0.0010252823121845722, 0.0011829053983092308, 0.0013405284844338894, 0.0014981516869738698, 0.0016557748895138502, 0.0018133979756385088, 0.0019710210617631674, 0.0021286443807184696, 0.002286267466843128, 0.002443890552967787, 0.0026015136390924454, 0.002759136725217104, 0.002916760044172406, 0.0030743831302970648, 0.0032320062164217234, 0.0033896295353770256, 0.003547252621501684, 0.0037048757076263428, 0.0038624987937510014, 0.00402012187987566, 0.0041777449660003185, 0.004335368052124977, 0.004492991603910923, 0.004650614690035582, 0.00480823777616024, 0.004965860862284899]}, "gradients/fc2.weight": {"_type": "histogram", "values": [1.0, 1.0, 0.0, 0.0, 1.0, 0.0, 0.0, 1.0, 0.0, 0.0, 1.0, 1.0, 3.0, 1.0, 1.0, 2.0, 2.0, 4.0, 0.0, 4.0, 5.0, 4.0, 4.0, 12.0, 13.0, 7.0, 10.0, 23.0, 21.0, 38.0, 29.0, 60.0, 387.0, 150.0, 55.0, 29.0, 21.0, 16.0, 9.0, 12.0, 10.0, 7.0, 7.0, 6.0, 5.0, 5.0, 5.0, 5.0, 4.0, 4.0, 0.0, 3.0, 2.0, 1.0, 1.0, 1.0, 1.0, 0.0, 0.0, 0.0, 1.0, 2.0, 0.0, 2.0], "bins": [-0.07184690237045288, -0.06966841220855713, -0.06748991459608078, -0.06531142443418503, -0.06313292682170868, -0.06095443665981293, -0.05877594277262688, -0.056597448885440826, -0.054418954998254776, -0.052240461111068726, -0.050061967223882675, -0.047883473336696625, -0.04570498317480087, -0.043526485562324524, -0.04134799540042877, -0.03916950151324272, -0.03699100762605667, -0.03481251373887062, -0.03263401985168457, -0.03045552782714367, -0.02827703393995762, -0.02609854005277157, -0.023920048028230667, -0.021741554141044617, -0.019563060253858566, -0.017384566366672516, -0.01520607341080904, -0.013027580454945564, -0.010849086567759514, -0.008670592680573463, -0.006492099724709988, -0.004313606768846512, -0.0021351128816604614, 4.338053986430168e-05, 0.002221873961389065, 0.004400367382913828, 0.006578860804438591, 0.008757354691624641, 0.010935847647488117, 0.013114340603351593, 0.015292834490537643, 0.017471328377723694, 0.019649822264909744, 0.021828314289450645, 0.024006808176636696, 0.026185302063822746, 0.028363794088363647, 0.030542287975549698, 0.03272078186273575, 0.0348992757499218, 0.03707776963710785, 0.0392562635242939, 0.04143475741147995, 0.0436132475733757, 0.04579174146056175, 0.0479702353477478, 0.05014872923493385, 0.052327223122119904, 0.054505717009305954, 0.056684210896492004, 0.058862701058387756, 0.061041198670864105, 0.06321968883275986, 0.0653981864452362, 0.06757667660713196]}, "gradients/fc1.bias": {"_type": "histogram", "values": [1.0, 1.0, 1.0, 0.0, 0.0, 0.0, 0.0, 0.0, 2.0, 0.0, 0.0, 1.0, 0.0, 1.0, 1.0, 0.0, 1.0, 1.0, 1.0, 1.0, 1.0, 4.0, 3.0, 3.0, 2.0, 4.0, 0.0, 5.0, 2.0, 7.0, 27.0, 5.0, 2.0, 2.0, 1.0, 0.0, 3.0, 0.0, 0.0, 2.0, 1.0, 2.0, 1.0, 2.0, 0.0, 2.0, 0.0, 0.0, 0.0, 1.0, 1.0, 0.0, 0.0, 1.0, 1.0, 1.0, 0.0, 0.0, 1.0, 0.0, 0.0, 0.0, 0.0, 1.0], "bins": [-0.001365732867270708, -0.001320359529927373, -0.001274986076168716, -0.0012296127388253808, -0.0011842392850667238, -0.0011388659477233887, -0.0010934924939647317, -0.0010481191566213965, -0.0010027457028627396, -0.0009573723073117435, -0.0009119989117607474, -0.0008666255162097514, -0.0008212521206587553, -0.0007758787251077592, -0.0007305053295567632, -0.000685131992213428, -0.000639758596662432, -0.0005943852011114359, -0.0005490118055604398, -0.0005036384100094438, -0.0004582650144584477, -0.00041289161890745163, -0.000367518252460286, -0.00032214485690928996, -0.00027677149046212435, -0.00023139809491112828, -0.00018602469936013222, -0.00014065131836105138, -9.527792281005532e-05, -4.990452725905925e-05, -4.531146259978414e-06, 4.084224929101765e-05, 8.621567394584417e-05, 0.00013158906949684024, 0.0001769624650478363, 0.00022233584604691714, 0.00026770925614982843, 0.0003130826517008245, 0.0003584560181479901, 0.00040382941369898617, 0.0004492028383538127, 0.0004945762339048088, 0.0005399496294558048, 0.0005853230250068009, 0.000630696420557797, 0.000676069816108793, 0.0007214432116597891, 0.0007668165490031242, 0.0008121899445541203, 0.0008575633401051164, 0.0009029367356561124, 0.0009483101312071085, 0.0009936834685504436, 0.0010390569223091006, 0.0010844302596524358, 0.0011298037134110928, 0.001175177050754428, 0.001220550388097763, 0.00126592384185642, 0.0013112971791997552, 0.0013566706329584122, 0.0014020439703017473, 0.0014474174240604043, 0.0014927907614037395, 0.0015381642151623964]}, "gradients/fc1.weight": {"_type": "histogram", "values": [1.0, 0.0, 2.0, 3.0, 7.0, 7.0, 9.0, 21.0, 21.0, 33.0, 27.0, 53.0, 46.0, 66.0, 89.0, 123.0, 160.0, 210.0, 272.0, 402.0, 599.0, 776.0, 1087.0, 1437.0, 2183.0, 3179.0, 4557.0, 6914.0, 11480.0, 105449.0, 29533.0, 10337.0, 6210.0, 4174.0, 2893.0, 2109.0, 1420.0, 1025.0, 730.0, 612.0, 425.0, 292.0, 230.0, 173.0, 113.0, 92.0, 79.0, 71.0, 62.0, 42.0, 29.0, 30.0, 22.0, 24.0, 15.0, 13.0, 13.0, 6.0, 1.0, 6.0, 1.0, 1.0, 1.0, 3.0], "bins": [-0.002105992054566741, -0.002035746583715081, -0.001965500880032778, -0.001895255409181118, -0.0018250099383294582, -0.0017547644674777985, -0.0016845188802108169, -0.0016142732929438353, -0.0015440278220921755, -0.0014737823512405157, -0.001403536763973534, -0.0013332911767065525, -0.0012630457058548927, -0.001192800235003233, -0.0011225546477362514, -0.0010523090604692698, -0.00098206358961761, -0.0009118180605582893, -0.0008415725314989686, -0.0007713270024396479, -0.0007010814733803272, -0.0006308359443210065, -0.0005605904152616858, -0.0004903448862023652, -0.00042009935714304447, -0.0003498538280837238, -0.0002796082990244031, -0.0002093627699650824, -0.00013911724090576172, -6.887171184644103e-05, 1.3738172128796577e-06, 7.161934627220035e-05, 0.00014186487533152103, 0.00021211040439084172, 0.0002823559334501624, 0.0003526014625094831, 0.0004228469915688038, 0.0004930925206281245, 0.0005633380496874452, 0.0006335835787467659, 0.0007038291078060865, 0.0007740746368654072, 0.0008443201659247279, 0.0009145656949840486, 0.0009848112240433693, 0.001055056694895029, 0.0011253022821620107, 0.0011955478694289923, 0.001265793340280652, 0.0013360388111323118, 0.0014062843983992934, 0.001476529985666275, 0.0015467754565179348, 0.0016170209273695946, 0.0016872665146365762, 0.0017575121019035578, 0.0018277575727552176, 0.0018980030436068773, 0.0019682487472891808, 0.0020384942181408405, 0.0021087396889925003, 0.00217898515984416, 0.00224923063069582, 0.0023194763343781233, 0.002389721805229783]}, "gradients/conv2.weight": {"_type": "histogram",