{"train loss": 2.301140785217285, "_timestamp": 1673276710.423605, "_runtime": 36.18483901023865, "_step": 699, "test loss": 2.300926685333252, "accuracy": 0.1120000034570694, "_wandb": {"runtime": 35}}