{"train loss": 2.300758123397827, "_timestamp": 1673276662.0095007, "_runtime": 35.063456773757935, "_step": 249, "test loss": 2.3046345710754395, "accuracy": 0.10400000214576721, "_wandb": {"runtime": 34}}