{"train loss": 0.14222435653209686, "_timestamp": 1673276524.719677, "_runtime": 36.35712289810181, "_step": 349, "test loss": 0.7107835412025452, "accuracy": 0.8399999737739563, "_wandb": {"runtime": 35}}