{"train loss": 2.30251407623291, "_timestamp": 1673276617.1573136, "_runtime": 34.71358847618103, "_step": 249, "test loss": 2.305684804916382, "accuracy": 0.09600000083446503, "_wandb": {"runtime": 34}}