{"train loss": 0.026246951892971992, "_timestamp": 1673276571.9651427, "_runtime": 36.7194766998291, "_step": 349, "test loss": 0.3636210262775421, "accuracy": 0.9449999928474426, "_wandb": {"runtime": 36}}